NOME_CURSO,CURRICULO,TURMA_PREF,Total_Alunos_Ativos
BACHARELADO EM CIÊNCIA DA COMPUTAÇÃO,4,COMP20181_A,3
BACHARELADO EM CIÊNCIA DA COMPUTAÇÃO,4,COMP20182_A,1
BACHARELADO EM CIÊNCIA DA COMPUTAÇÃO,4,COMP20191_A,3
BACHARELADO EM CIÊNCIA DA COMPUTAÇÃO,4,COMP20192_A,2
BACHARELADO EM CIÊNCIA DA COMPUTAÇÃO,4,COMP20201_A,7
BACHARELADO EM CIÊNCIA DA COMPUTAÇÃO,4,COMP20202_A,3
BACHARELADO EM CIÊNCIA DA COMPUTAÇÃO,4,COMP20211_A,26
BACHARELADO EM CIÊNCIA DA COMPUTAÇÃO,4,COMP20212_A,8
BACHARELADO EM CIÊNCIA DA COMPUTAÇÃO,4,COMP20221_A,40
BACHARELADO EM CIÊNCIA DA COMPUTAÇÃO,COMP2022.2,COMP20201_A,1
BACHARELADO EM CIÊNCIA DA COMPUTAÇÃO,COMP2022.2,COMP20211_A,1
BACHARELADO EM CIÊNCIA DA COMPUTAÇÃO,COMP2022.2,COMP20221_A,4
BACHARELADO EM CIÊNCIA DA COMPUTAÇÃO,COMP2022.2,COMP20222_A,34
BACHARELADO EM CIÊNCIA DA COMPUTAÇÃO,COMP2022.2,COMP20222_B,28
BACHARELADO EM CIÊNCIA DA COMPUTAÇÃO,COMP2022.2,COMP20231_A,38
BACHARELADO EM CIÊNCIA DA COMPUTAÇÃO,COMP2022.2,COMP20231_B,28
BACHARELADO EM CIÊNCIA DA COMPUTAÇÃO,COMP2022.2,COMP20232_A,46
BACHARELADO EM CIÊNCIA DA COMPUTAÇÃO,COMP2022.2,COMP20232_B,43
BACHARELADO EM CIÊNCIA DA COMPUTAÇÃO,COMP2022.2,COMP20241_A,44
BACHARELADO EM CIÊNCIA DA COMPUTAÇÃO,COMP2022.2,COMP20241_B,44
BACHARELADO EM CIÊNCIA DA COMPUTAÇÃO,COMP2022.2,COMP20242_A,58
BACHARELADO EM CIÊNCIA DA COMPUTAÇÃO,COMP2022.2,COMP20242_B,44
BACHARELADO EM CIÊNCIA DA COMPUTAÇÃO,COMP2022.2,COMP20251_A,52
BACHARELADO EM CIÊNCIA DA COMPUTAÇÃO,COMP2022.2,COMP20251_B,53
BACHARELADO EM CIÊNCIA DA COMPUTAÇÃO,COMP2022.2,COMP20252_A,54
BACHARELADO EM CIÊNCIA DA COMPUTAÇÃO,COMP2022.2,COMP20252_B,58
BACHARELADO EM DESIGN,4,DESG20191_A,1
BACHARELADO EM DESIGN,4,DESG20192_A,2
BACHARELADO EM DESIGN,4,DESG20201_A,4
BACHARELADO EM DESIGN,4,DESG20202_A,3
BACHARELADO EM DESIGN,4,DESG20211_A,12
BACHARELADO EM DESIGN,4,DESG20212_A,8
BACHARELADO EM DESIGN,4,DESG20221_A,36
BACHARELADO EM DESIGN,4,DESG20222_A,36
BACHARELADO EM DESIGN,4,DESG20231_A,37
BACHARELADO EM DESIGN,4,DESG20231_B,40
BACHARELADO EM DESIGN,4,DESG20232_A,48
BACHARELADO EM DESIGN,4,DESG20241_A,42
BACHARELADO EM DESIGN,4,DESG20241_B,40
BACHARELADO EM DESIGN,4,DESG20242_A,30
BACHARELADO EM DESIGN,4,DESG20251_A,37
BACHARELADO EM DESIGN,4,DESG20251_B,36
BACHARELADO EM DESIGN,4,DESG20252_A,28
BACHARELADO EM SISTEMAS DE INFORMAÇÃO,SI2024.1,SI20241_A,45
BACHARELADO EM SISTEMAS DE INFORMAÇÃO,SI2024.1,SI20242_A,32
BACHARELADO EM SISTEMAS DE INFORMAÇÃO,SI2024.1,SI20251_A,50
BACHARELADO EM SISTEMAS DE INFORMAÇÃO,SI2024.1,SI20252_A,56
MESTRADO PROFISSIONAL EM ENGENHARIA DE SOFTWARE,MPES3,MPES20212,1
TECNOLÓGICO EM ANÁLISE E DESENVOLVIMENTO DE SISTEMAS,ADS2024.1,ADS20241_A,37
TECNOLÓGICO EM ANÁLISE E DESENVOLVIMENTO DE SISTEMAS,ADS2024.1,ADS20242_A,34
TECNOLÓGICO EM ANÁLISE E DESENVOLVIMENTO DE SISTEMAS,ADS2024.1,ADS20251_A,50
TECNOLÓGICO EM ANÁLISE E DESENVOLVIMENTO DE SISTEMAS,ADS2024.1,ADS20252_A,48
TECNOLÓGICO EM ANÁLISE E DESENVOLVIMENTO DE SISTEMAS,ADS2024.1_ED,ADS20241_B,41
TECNOLÓGICO EM ANÁLISE E DESENVOLVIMENTO DE SISTEMAS,ADS2024.1_ED,ADS20242_A,44
TECNOLÓGICO EM ANÁLISE E DESENVOLVIMENTO DE SISTEMAS,ADS2024.1_ED,ADS20251_A,49
TECNOLÓGICO EM ANÁLISE E DESENVOLVIMENTO DE SISTEMAS,ADS2024.1_ED,ADS20252_A,50
TECNOLÓGICO EM BANCO DE DADOS,BD2025.1,BD20251_A,31
TECNOLÓGICO EM BANCO DE DADOS,BD2025.1,BD20252_A,25
TECNOLÓGICO EM GESTÃO DA TECNOLOGIA DA INFORMAÇÃO,GTI2023.2,GTI20231_A,8
TECNOLÓGICO EM GESTÃO DA TECNOLOGIA DA INFORMAÇÃO,GTI2023.2,GTI20231_B,9
TECNOLÓGICO EM GESTÃO DA TECNOLOGIA DA INFORMAÇÃO,GTI2023.2,GTI20232_A,19
TECNOLÓGICO EM GESTÃO DA TECNOLOGIA DA INFORMAÇÃO,GTI2023.2,GTI20232_B,21
TECNOLÓGICO EM GESTÃO DA TECNOLOGIA DA INFORMAÇÃO,GTI2023.2,GTI20232_C,21
TECNOLÓGICO EM GESTÃO DA TECNOLOGIA DA INFORMAÇÃO,GTI2023.2,GTI20241_A,61
TECNOLÓGICO EM GESTÃO DA TECNOLOGIA DA INFORMAÇÃO,GTI2023.2,GTI20241_B,3
TECNOLÓGICO EM GESTÃO DA TECNOLOGIA DA INFORMAÇÃO,GTI2023.2,GTI20242_A,22
TECNOLÓGICO EM GESTÃO DA TECNOLOGIA DA INFORMAÇÃO,GTI2023.2,GTI20251_A,34
TECNOLÓGICO EM GESTÃO DA TECNOLOGIA DA INFORMAÇÃO,GTI2023.2,GTI20252_A,28
TECNOLÓGICO EM SEGURANÇA DA INFORMAÇÃO,CS2025.1,CS20251_A,36
TECNOLÓGICO EM SEGURANÇA DA INFORMAÇÃO,CS2025.1,CS20252_A,16
